receipt_s,sample_s,raw_z,smooth_z,truth_z,error_m,correction_age_s
0.09999999999999964,0.09999999999999964,1.007991460885067,1.007991460885067,1.0079914693969172,6.70305434266313e-08,0.08000000000000007
0.11999999999999922,0.11999999999999922,1.0095852505643828,1.0095852505643828,1.0095852611932816,8.370030780960611e-08,0.09999999999999964
0.14000000000000057,0.14000000000000057,1.0111765864757243,1.0111765864757243,1.0111765992151285,1.0031834109406552e-07,0.120000000000001
0.16000000000000014,0.16000000000000014,1.0127650612463346,1.0127650612463346,1.0127650760886149,1.1687644297528968e-07,0.14000000000000057
0.17999999999999972,0.17999999999999972,1.0143502682358942,1.0143502682358942,1.0143502851723363,1.3336648034031653e-07,0.16000000000000014
0.1999999999999993,0.1999999999999993,1.015931812231317,1.0159318019855121,1.0159318206614245,1.470511551012547e-07,0.08000000000000007
0.22000000000000064,0.22000000000000064,1.0175092671782853,1.0175092582114302,1.0175092776914318,1.5332480780139962e-07,0.10000000000000142
0.2400000000000002,0.2400000000000002,1.0190822398577402,1.019082232010188,1.0190822524419731,1.6075259203946227e-07,0.120000000000001
0.2599999999999998,0.2599999999999998,1.0206503275978103,1.0206503207298419,1.0206503422401032,1.6917025870063302e-07,0.14000000000000057
0.27999999999999936,0.27999999999999936,1.022213128977141,1.0222131229664784,1.022213145663397,1.7843364897684055e-07,0.16000000000000014
0.3000000000000007,0.3000000000000007,1.023770254348273,1.0237702390033214,1.0237702626427134,1.8576965558865451e-07,0.08000000000000007
0.3200000000000003,0.3200000000000003,1.0253212842344634,1.0253212708049713,1.0253212945646095,1.866169114261035e-07,0.09999999999999964
0.33999999999999986,0.33999999999999986,1.026865832024818,1.026865820271685,1.026865844373384,1.8919264549587628e-07,0.11999999999999922
0.35999999999999943,0.35999999999999943,1.028403502324075,1.0284034920380463,1.0284035166727208,1.9325616316015562e-07,0.1399999999999988
0.3800000000000008,0.3800000000000008,1.0299339014975732,1.0299338924955155,1.0299339178269094,1.985966564751525e-07,0.16000000000000014
0.40000000000000036,0.40000000000000036,1.031456647955893,1.0314566302186838,1.0314566560616119,2.02483811419659e-07,0.08000000000000007
0.41999999999999993,0.41999999999999993,1.0329713314830875,1.0329713159599552,1.0329713415641564,2.0048284741629397e-07,0.09999999999999964
0.4399999999999995,0.4399999999999995,1.0344775745494155,1.0344775609639842,1.0344775865833262,2.0045282266992936e-07,0.11999999999999922
0.46000000000000085,0.46000000000000085,1.0359749915654066,1.0359749796757998,1.035975005528623,2.021187491186414e-07,0.14000000000000057
0.4800000000000004,0.4800000000000004,1.0374631992010102,1.0374631887955434,1.0374632150689742,2.052400429252281e-07,0.16000000000000014
0.5,0.5,1.0389418263657189,1.0389418076890766,1.0389418342308652,2.0717726090843158e-07,0.08000000000000007
0.5199999999999996,0.5199999999999996,1.0404104747283598,1.0404104583830607,1.0404104844958653,2.036761570621269e-07,0.09999999999999964
0.5399999999999991,0.5399999999999991,1.0418687782552496,1.04186876395028,1.0418687898975278,2.0221226693312998e-07,0.11999999999999922
0.5600000000000005,0.5600000000000005,1.0433163636291651,1.0433163511098373,1.0433163771176344,2.0249909472309865e-07,0.14000000000000057
0.5800000000000001,0.5800000000000001,1.0447528602766714,1.0447528493200897,1.0447528755817617,2.0428627542982163e-07,0.16000000000000014
0.5999999999999996,0.5999999999999996,1.0461779099798831,1.0461778911709314,1.0461779175541484,2.050562178254777e-07,0.08000000000000007
0.6199999999999992,0.6199999999999992,1.0475911288403674,1.0475911123792747,1.047591138231832,2.00772066028656e-07,0.09999999999999964
0.6400000000000006,0.6400000000000006,1.0489921646618614,1.0489921502555521,1.0489921758380372,1.9849658781269322e-07,0.120000000000001
0.6600000000000001,0.6600000000000001,1.0503806587873454,1.050380646179328,1.050380671714788,1.979446127175917e-07,0.14000000000000057
0.6799999999999997,0.6799999999999997,1.0517562557704065,1.051756244736206,1.0517562704147234,1.9886731459727486e-07,0.16000000000000014
0.6999999999999993,0.6999999999999993,1.0531186125571537,1.053118594089259,1.0531186197920883,1.988895114808706e-07,0.0799999999999983
0.7200000000000006,0.7200000000000006,1.054467362137532,1.0544673459749232,1.0544673710928825,1.9421676833381593e-07,0.09999999999999964
0.7400000000000002,0.7400000000000002,1.0558021684055545,1.0558021542604705,1.055802179044139,1.9147286458288675e-07,0.11999999999999922
0.7599999999999998,0.7599999999999998,1.0571226896585866,1.0571226772791864,1.0571227019423115,1.9038164239516346e-07,0.1399999999999988
0.7799999999999994,0.7799999999999994,1.05842858785088,1.0584285770167592,1.0584286017407505,1.9070266417299095e-07,0.15999999999999837
0.8000000000000007,0.8000000000000007,1.0597195286801095,1.0597195191983761,1.0597195441362393,1.9222638460855035e-07,0.17999999999999972
0.8200000000000003,0.8200000000000003,1.0609951816729537,1.0609951733747935,1.0609951986545745,1.9477002211901214e-07,0.1999999999999993
0.8399999999999999,0.8399999999999999,1.0622552202696927,1.0622552130073644,1.0622552387351667,1.9817406844225874e-07,0.21999999999999886
0.8599999999999994,0.8599999999999994,1.063499321907808,1.063499315552012,1.0634993418146361,2.0229935225561727e-07,0.23999999999999844
0.8800000000000008,0.8800000000000008,1.064727168104555,1.064727162542132,1.0647271894093893,2.0702456256076505e-07,0.2599999999999998
0.9000000000000004,0.9000000000000004,1.0659384527096156,1.0659384396704088,1.0659384671971472,2.1224414923616614e-07,0.17999999999999972
0.9199999999999999,0.9199999999999999,1.0671328492139367,1.0671328378023708,1.0671328650974117,2.1049506537881535e-07,0.1999999999999993
0.9399999999999995,0.9399999999999995,1.068310060117253,1.068310050130155,1.0683100773508432,2.1001357989594852e-07,0.21999999999999886
0.9600000000000009,0.9600000000000009,1.0694697840604608,1.069469775320019,1.0694698025975335,2.1061319491729623e-07,0.2400000000000002
0.9800000000000004,0.9800000000000004,1.0706117241610213,1.07061171651162,1.0706117439541536,2.1213250880837693e-07,0.2599999999999998
1.0,1.0,1.07173559566369,1.0717355813944116,1.0717356090899524,2.144319622005131e-07,0.17999999999999972
1.0199999999999996,1.0199999999999996,1.072841095617864,1.0728410831297723,1.0728411103015927,2.1058521844940577e-07,0.1999999999999993
1.0399999999999991,1.0399999999999991,1.0739279486953324,1.0739279377660877,1.073927964586802,2.0816382274002982e-07,0.21999999999999886
1.0600000000000005,1.0600000000000005,1.0749958766680752,1.0749958671030917,1.0749958937168191,2.0696779122745147e-07,0.2400000000000002
1.08,1.08,1.0760446061527964,1.076044597781778,1.0760446243076187,2.0682518438555275e-07,0.2599999999999998
1.0999999999999996,1.0999999999999996,1.077073882449027,1.0770738617508402,1.0770738878898969,2.0434965810030252e-07,0.08000000000000007
1.120000000000001,1.120000000000001,1.0780834143064741,1.0780833961919734,1.078083420977798,1.9400001462560677e-07,0.10000000000000142
1.1400000000000006,1.1400000000000006,1.0790729572878905,1.0790729414345628,1.0790729651363649,1.8584710875913645e-07,0.120000000000001
1.1600000000000001,1.1600000000000001,1.0800422580760514,1.0800422442016417,1.0800422670476968,1.795930900578435e-07,0.14000000000000057
1.1799999999999997,1.1799999999999997,1.0809910685356228,1.0809910563931098,1.0809910785757981,1.7498405386327658e-07,0.16000000000000014
1.1999999999999993,1.1999999999999993,1.0819191519325766,1.081919135320535,1.0819191568300999,1.7034925426242355e-07,0.0799999999999983
1.2200000000000006,1.2200000000000006,1.082826258243937,1.0828262437055216,1.082826264227637,1.63062383389199e-07,0.09999999999999964
1.2400000000000002,1.2400000000000002,1.0837121615405345,1.0837121488169013,1.0837121685538698,1.5753093073958845e-07,0.11999999999999922
1.2599999999999998,1.2599999999999998,1.0845766350363046,1.0845766239009202,1.0845766430221289,1.5352870380756418e-07,0.1399999999999988
1.2799999999999994,1.2799999999999994,1.0854194574310945,1.085419447685703,1.0854194663316716,1.5086566832240852e-07,0.15999999999999837
1.3000000000000007,1.3000000000000007,1.1212404184014846,1.087387841066473,1.0862404227243339,0.0011474183515440108,0.08000000000000007
1.3200000000000003,1.3200000000000003,1.1220392967819617,1.0924124243175215,1.0870393020397622,0.005373122279622795,0.09999999999999964
1.3399999999999999,1.3399999999999999,1.1228158936358805,1.0968872453283143,1.087815899769215,0.00907134556014324,0.11999999999999922
1.3599999999999994,1.3599999999999994,1.1235700101589938,1.1008779489613636,1.0885700171079145,0.012307931854190086,0.1399999999999988
1.3800000000000008,1.3800000000000008,1.1243014533018965,1.104441966787641,1.0893014610059408,0.01514050578229032,0.16000000000000014
1.4000000000000004,1.4000000000000004,1.1250100404971277,1.1076295432105585,1.0900100442176506,0.01761949899340287,0.08000000000000007
1.42,1.42,1.1256955808513427,1.110484633354439,1.0906955853496112,0.019789048005241002,0.09999999999999964
1.4399999999999995,1.4399999999999995,1.126357903692936,1.113045688286283,1.0913579089070367,0.021687779379607135,0.11999999999999922
1.4600000000000009,1.4600000000000009,1.1269968394711465,1.1153463437298912,1.091996845338714,0.02334949839150409,0.14000000000000057
1.4800000000000004,1.4800000000000004,1.1276122246221734,1.1174160215958033,1.0926122310804056,0.024803790515703607,0.16000000000000014
1.5,1.5,1.1282039055023236,1.1192804568577015,1.0932039085967227,0.026076548261266746,0.08000000000000007
1.5199999999999996,1.5199999999999996,1.1287717227114877,1.1209621585438645,1.0937717264214522,0.0271904321226741,0.09999999999999964
1.5399999999999991,1.5399999999999991,1.129315534934816,1.1224808127419583,1.094315539196332,0.028165273545871203,0.11999999999999922
1.5600000000000005,1.5600000000000005,1.129835202959579,1.1238536364533194,1.094835207708262,0.029018428745292552,0.14000000000000057
1.58,1.58,1.1303305937538302,1.1250956863414707,1.0953305989249407,0.02976508741676132,0.16000000000000014
1.5999999999999996,1.5999999999999996,1.1308015835804417,1.1262201292683953,1.0958015860289225,0.030418543239700065,0.08000000000000007
1.620000000000001,1.620000000000001,1.131248045552153,1.1272384789758358,1.0962480484500807,0.030990430525968993,0.10000000000000142
1.6400000000000006,1.6400000000000006,1.131669868614803,1.1281608029262837,1.096669871896474,0.031490931030016336,0.120000000000001
1.6600000000000001,1.6600000000000001,1.1320669447841816,1.1289959041188204,1.0970669483836037,0.03192895573542131,0.14000000000000057
1.6799999999999997,1.6799999999999997,1.1324391724111473,1.1297514795591275,1.0974391762620574,0.03231230329727727,0.16000000000000014
1.6999999999999993,1.6999999999999993,1.1327864584566303,1.1304342591682806,1.0977864602435317,0.03264779892495799,0.0799999999999983
1.7200000000000006,1.7200000000000006,1.133108709357868,1.1310501272996325,1.0981087114252233,0.03294141587461012,0.09999999999999964
1.7400000000000002,1.7400000000000002,1.1334058450317546,1.1316042289393264,1.09840584731259,0.03319838162693465,0.11999999999999922
1.7599999999999998,1.7599999999999998,1.1336777894133285,1.132101063078077,1.0986777918404669,0.033423271237810456,0.1399999999999988
1.7799999999999994,1.7799999999999994,1.1339244728864617,1.1325445640664171,1.0989244753925407,0.03362008867408354,0.15999999999999837
1.8000000000000007,1.8000000000000007,1.1341458337052779,1.1329381729255557,1.0991458348191687,0.03379233810659968,0.08000000000000007
1.8200000000000003,1.8200000000000003,1.134341812229989,1.1332848997371214,1.0993418134535469,0.03394308628378175,0.09999999999999964
1.8399999999999999,1.8399999999999999,1.1345123598608062,1.1335873782464854,1.099512361126215,0.034075017120477655,0.11999999999999922
1.8599999999999994,1.8599999999999994,1.1346574329385728,1.133847913709114,1.0996574341779006,0.03419047953142585,0.1399999999999988
1.8800000000000008,1.8800000000000008,1.134776994325479,1.1340685246946045,1.0997769954706942,0.034291529224133005,0.16000000000000014
1.9000000000000004,1.9000000000000004,1.1348710139638012,1.1342509796735174,1.0998710143975583,0.034379965276190555,0.08000000000000007
1.92,1.92,1.1349394665182253,1.1343968290504771,1.0999394668901608,0.034457362160543695,0.09999999999999964
1.9399999999999995,1.9399999999999995,1.1349823351831472,1.134507433349461,1.0999823354250375,0.034525097924652755,0.11999999999999922
1.9600000000000009,1.9600000000000009,1.1349996089844858,1.134583987570479,1.0999996090280777,0.03458437854263853,0.14000000000000057
1.9800000000000004,1.9800000000000004,1.1349912835003046,1.134627542727943,1.099991283277333,0.034636259450860477,0.16000000000000014
2.0,2.0,1.1349573605533032,1.1346390245916655,1.0999573603041506,0.03468166428777699,0.08000000000000007
2.0199999999999996,2.0199999999999996,1.1348978492746935,1.1346192501345764,1.0998978487926259,0.034721401342209066,0.09999999999999964
2.039999999999999,2.039999999999999,1.134812764760559,1.1345689422264202,1.0998127639773814,0.03475617824930084,0.11999999999999922
2.0600000000000005,2.0600000000000005,1.13470212879209,1.1344887418156302,1.0997021276396646,0.03478661417623755,0.14000000000000057
2.08,2.08,1.1345659696915087,1.13437921910308,1.099565968101774,0.034813251001594124,0.16000000000000014
2.0999999999999996,2.0999999999999996,1.1344043211502775,1.1342408831030775,1.0994043202198076,0.03483656288357209,0.08000000000000007
2.120000000000001,2.120000000000001,1.134217226707728,1.1340741900895022,1.0992172253747405,0.03485696471506026,0.10000000000000142
2.1400000000000006,2.1400000000000006,1.1340047332650673,1.13387955143315,1.0990047314618312,0.034874819971621715,0.120000000000001
2.16,2.16,1.1337668952194313,1.1336573394201082,1.0987668928783607,0.03489044654206226,0.14000000000000057
2.1799999999999997,2.1799999999999997,1.133503773456036,1.133407893143522,1.0985037705097078,0.03490412263414802,0.16000000000000014
2.1999999999999993,2.1999999999999993,1.1332154333195947,1.1331315233341566,1.0982154317137618,0.034916091620744764,0.0799999999999983
2.2200000000000006,2.2200000000000006,1.132901952479059,1.132828516698602,1.0979019503036798,0.03492656639526803,0.09999999999999964
2.24,2.24,1.1325634093407486,1.1324991403050297,1.0975634065289905,0.03493573377638978,0.11999999999999922
2.26,2.26,1.1321998905697905,1.1321436440244887,1.0971998870550514,0.03494375696980114,0.1399999999999988
2.280000000000001,2.280000000000001,1.1318114892249365,1.1317622637492,1.096811484940863,0.034950778808722105,0.16000000000000014
2.3000000000000007,2.3000000000000007,1.13139830188617,1.1313552237776772,1.0963982996152448,0.03495692416283553,0.08000000000000007
2.3200000000000003,2.3200000000000003,1.1309604398552402,1.1309227390440526,1.095960436851384,0.034962302193066314,0.09999999999999964
2.34,2.34,1.1304980125420518,1.130465017797994,1.0954980087397566,0.03496700905864004,0.11999999999999922
2.3599999999999994,2.3599999999999994,1.13001113832536,1.1299822622056919,1.0950111336594337,0.03497112854667505,0.1399999999999988
2.379999999999999,2.379999999999999,1.1294999418421936,1.1294746702327028,1.0944999362477772,0.03497473398536571,0.15999999999999837
2.4000000000000004,2.4000000000000004,1.1289645502900236,1.128942436757388,1.0939645473685324,0.03497788938931506,0.08000000000000007
2.42,2.42,1.1284051078914485,1.128385754717696,1.0934051040783288,0.03498065063981972,0.09999999999999964
2.4399999999999995,2.4399999999999995,1.1278217543601043,1.1278048169787973,1.092821749591593,0.034983067387661104,0.11999999999999922
2.460000000000001,2.460000000000001,1.1272146390311562,1.1271998158869418,1.092214633243888,0.03498518264352559,0.14000000000000057
2.4800000000000004,2.4800000000000004,1.1265839173226586,1.126570944502338,1.091583910453683,0.034987034049151385,0.16000000000000014
2.5,2.5,1.1259297462359374,1.125918397044248,1.0909297426825681,0.03498865436219658,0.08000000000000007
2.5199999999999996,2.5199999999999996,1.1252523019919112,1.1252423694821518,1.09025229739392,0.03499007208873955,0.09999999999999964
2.539999999999999,2.539999999999999,1.1245517537142569,1.1245430610467244,1.0895517480100323,0.03499131303720333,0.11999999999999922
2.5600000000000005,2.5600000000000005,1.1238282807393123,1.1238206731486164,1.088828273867722,0.03499239928142071,0.14000000000000057
2.58,2.58,1.1230820682720128,1.1230754103116136,1.0880820601724182,0.034993350139747394,0.16000000000000014
2.5999999999999996,2.5999999999999996,1.1223133021132703,1.122307480259961,1.0873132979507516,0.03499418230978212,0.08000000000000007
2.620000000000001,2.620000000000001,1.1215221893551053,1.1215170942244215,1.0865221840016526,0.03499491022333001,0.10000000000000142
2.6400000000000006,2.6400000000000006,1.1207089274494226,1.120704468326991,1.0857089208459718,0.03499554748158272,0.120000000000001
2.66,2.66,1.1198737245865937,1.1198698220816155,1.0848737166746352,0.034996105407558376,0.14000000000000057
2.6799999999999997,2.6799999999999997,1.119016794573755,1.1190133792055206,1.0840167852953497,0.03499659391077503,0.16000000000000014
2.6999999999999993,2.6999999999999993,1.11813835082291,1.118135367509127,1.0831383460778683,0.03499702143188349,0.0799999999999983
2.7200000000000006,2.7200000000000006,1.1172386299725028,1.1172360190558777,1.0822386238978332,0.034997395158655124,0.09999999999999964
2.74,2.74,1.1163178565396465,1.116315571535078,1.0813178490792092,0.03499772245648026,0.11999999999999922
2.76,2.76,1.1153762662370377,1.1153742664620054,1.080376257335321,0.03499800912730966,0.1399999999999988
2.780000000000001,2.780000000000001,1.1144141001063779,1.1144123499566256,1.0794140897085125,0.03499826024876432,0.16000000000000014
2.8000000000000007,2.8000000000000007,1.1134315978056541,1.1134300725194135,1.078431592508442,0.03499848001164262,0.08000000000000007
2.8200000000000003,2.8200000000000003,1.112429024006055,1.1124276891162332,1.0774290172490266,0.03499867186786097,0.09999999999999964
2.84,2.84,1.1114066288537596,1.1114054605938037,1.0764066205840577,0.03499884001039931,0.11999999999999922
2.8599999999999994,2.8599999999999994,1.1103646740760318,1.1103636516460889,1.0753646642414976,0.03499898740525717,0.1399999999999988
2.879999999999999,2.879999999999999,1.1093034264072938,1.1093025316038871,1.0743034149564796,0.03499911664809853,0.15999999999999837
2.9000000000000004,2.9000000000000004,1.1082231502185245,1.1082223741404138,1.0732231444030251,0.0349992297380985,0.08000000000000007
2.92,2.92,1.107124136520662,1.1071234573178061,1.072124129124496,0.034999328194000486,0.09999999999999964
2.9399999999999995,2.9399999999999995,1.1060066594888704,1.1060060650686527,1.0710066504628017,0.03499941460653823,0.11999999999999922
2.960000000000001,2.960000000000001,1.1048710051908208,1.1048704849701059,1.0698709944863765,0.0349994904844277,0.14000000000000057
2.9800000000000004,2.9800000000000004,1.1037174643474659,1.1037170090641761,1.0687174519169482,0.03499955714795003,0.16000000000000014
3.0,3.0,1.1025463243517017,1.1025459335167334,1.067546318055115,0.03499961546235769,0.08000000000000007
